Angle theta,Perpendicular,Parallel,Unpolarised
0,21766979.14,21766979.14,21766979.14
0.1,21599959.33,21600773.23,21600366.28
0.2,21105197.77,21108390.91,21106794.34
0.3,20301260.58,20308215.78,20304738.18
0.4,19218019.85,19229831.64,19223925.74
0.5,17895116.15,17912507.29,17903811.72
0.6,16379940.42,16403207.16,16391573.79
0.7,14725258.16,14754248.1,14739753.13
0.8,12986619.44,13020743.26,13003681.35
0.9,11219708.08,11257983.62,11238845.85
1,9477783.719,9518908.472,9498346.095
1.1,7809360.566,7851806.251,7830583.408
1.2,6256247.046,6298368.487,6277307.766
1.3,4852044.031,4892193.588,4872118.81
1.4,3621166.721,3657805.357,3639486.039
1.5,2578419.737,2610216.382,2594318.06
1.6,1729118.838,1755030.997,1742074.918
1.7,1069718.58,1089048.879,1079383.73
1.8,588875.3528,601300.9203,595088.1365
1.9,268851.6681,274425.5459,271638.607
2,87151.53601,86277.60338,86714.56969
2.1,18269.14526,11654.07008,14961.60767
2.2,35433.91359,24021.27859,29727.59609
2.3,112243.8061,97136.6536,104690.2299
2.4,224094.5357,206473.0798,215283.8077
2.5,349333.3273,330374.4785,339853.9029
2.6,470090.4803,450895.1654,460492.8228
2.7,572767.9869,554301.1151,563534.551
2.8,648189.9392,631236.4077,639713.1735
2.9,691442.5454,676581.0347,684011.7901
3,701450.7158,689045.3697,695248.0427
3.1,680352.2329,670560.8007,675456.5168
3.2,632738.8132,625534.5754,629136.6943
3.3,564835.7171,560039.626,562437.6716
3.4,483688.2793,481007.2661,482347.7727
3.5,396415.5294,395482.8771,395949.2033
3.6,309579.0271,309993.0419,309786.0345
3.7,228700.4245,230058.3018,229379.3631
3.8,157945.5039,159870.1663,158907.8351
3.9,99976.8865,102135.5788,101056.2327
4,55963.5291,58077.95967,57020.74438
4.1,25723.53877,27572.26649,26647.90263
4.2,7968.47351,9382.962852,8675.718181
4.3,612.5530052,1468.801549,1040.677277
4.4,1109.1323,1316.987745,1213.060022
4.5,6779.124025,6271.354577,6525.239301
4.6,15101.25245,13824.14825,14462.70035
4.7,23941.34304,21848.16187,22894.75245
4.8,31706.43003,28754.42796,30230.42899
4.9,37418.40375,33569.58702,35493.99538
5,40710.36786,35935.53919,38322.95353
5.1,41756.10545,36041.31944,38898.71245
5.2,41148.50939,34502.7429,37825.62615
5.3,39746.17694,32208.88638,35977.53166
5.4,38508.48882,30155.77005,34332.12944
5.5,38338.4945,29286.76413,33812.62931
5.6,39950.10454,30356.54832,35153.32643
5.7,43771.8917,33831.3294,38801.61055
5.8,49894.76114,39833.00479,44863.88297
5.9,58065.43985,48129.62103,53097.53044
6,67722.70382,58169.37162,62946.03772
6.1,78068.9862,69150.99679,73609.99149
6.2,88166.85127,80120.16445,84143.50786
6.3,97048.0022,90079.4675,93563.73485
6.4,103822.0857,98099.15378,100960.6198
6.5,107773.4932,103416.5518,105595.0225
6.6,108436.4322,105514.1766,106975.3044
6.7,105641.4623,104169.399,104905.4306
6.8,99530.08576,99471.98567,99501.03571
6.9,90537.49186,91809.36772,91173.42979
7,79346.79596,81822.82187,80584.80891
7.1,66820.79769,70340.50957,68580.65363
7.2,53919.16663,58295.29381,56107.23022
7.3,41609.92434,46636.28577,44123.10505
7.4,30784.09581,36243.13241,33513.61411
7.5,22181.52134,27851.20294,25016.36214
7.6,16334.20484,21994.21735,19164.2111
7.7,13531.44143,18968.70359,16250.07251
7.8,13808.568,18822.22556,16315.39678
7.9,16958.77546,21364.86269,19161.81907
8,22565.25099,26201.19094,24383.22096
8.1,30049.18318,32778.22611,31413.70465
8.2,38728.00231,40443.58963,39585.79597
8.3,47877.71415,48507.62401,48192.66908
8.4,56793.31906,56303.32205,56548.32055
8.5,64842.02283,63238.67584,64040.34933
8.6,71505.12258,68837.27469,70171.19864
8.7,76405.93159,72764.52173,74585.22666
8.8,79322.71494,74838.51257,77080.61376
8.9,80187.16749,75026.24068,77606.70409
9,79070.32016,73427.1992,76248.75968
9.1,76158.78761,70247.5063,73203.14695
9.2,71724.89137,65768.30984,68746.60061
9.3,66094.37954,60312.39476,63203.38715
9.4,59615.236,54212.64494,56913.94047
9.5,52630.49271,47785.36817,50207.93044
9.6,45457.12338,41310.57899,43383.85118
9.7,38372.12175,35020.27694,36696.19935
9.8,31605.87603,29094.68545,30350.28074
9.9,25342.05591,23665.45529,24503.7556
10,19722.52686,18824.08699,19273.30693
10.1,14855.36163,14633.35984,14744.36074
10.2,10823.86519,11139.40605,10981.63562
10.3,7694.660291,8382.231487,8038.445889
10.4,5523.261013,6402.919249,5963.090131
10.5,4356.12635,5246.388918,4801.257634
10.6,4228.853163,4959.333745,4594.093454
10.7,5160.848645,5583.721411,5372.285028
10.8,7147.429465,7146.92725,7147.178358
10.9,10150.75451,9650.090213,9900.42236
11,14091.25691,13056.58287,13573.91989
11.1,18841.27156,17282.53654,18061.90405
11.2,24222.3564,22191.16108,23206.75874
11.3,30007.40702,27592.17497,28799.79099
11.4,35928.11433,33247.06896,34587.59164
11.5,41687.6801,38880.23789,40283.95899
11.6,46978.06095,44195.31139,45586.68617
11.7,51500.43158,48895.37624,50197.90391
11.8,54987.10975,52705.28338,53846.19657
11.9,57222.91918,55393.92606,56308.42262
12,58063.91319,56794.29535,57429.10427
12.1,57451.54715,56819.27305,57135.4101
12.2,55420.75605,55471.49135,55446.1237
12.3,52100.92615,52846.13394,52473.53005
12.4,47709.39163,49126.21497,48417.8033
12.5,42537.77358,44570.58172,43554.17765
12.6,36932.14039,39495.57114,38213.85577
12.7,31268.53968,34251.84011,32760.18989
12.8,25925.87855,29198.32876,27562.10365
12.9,21258.37017,24675.56382,22966.96699
13,17569.80148,20980.54565,19275.17357
13.1,15091.70814,18345.2903,16718.49922
13.2,13967.18973,16920.73895,15443.96434
13.3,14241.5971,16767.24232,15504.41971
13.4,15860.72576,17852.22927,16856.47751
13.5,18676.51053,20055.03733,19365.77393
13.6,22459.59887,23178.27898,22818.93892
13.7,26917.63554,26964.59468,26941.11511
13.8,31717.6682,31117.24816,31417.45818
13.9,36510.81202,35322.77848,35916.79525
14,40957.20975,39273.8521,40115.53093
14.1,44749.39122,42690.55077,43719.97099
14.2,47632.35767,45338.56926,46485.46347
14.3,49419.06355,47043.14808,48231.10582
14.4,50000.40217,47697.99045,48849.19631
14.5,49349.27989,47268.8652,48309.07255
14.6,47518.84043,45792.03562,46655.43802
14.7,44635.33697,43368.03925,44001.68811
14.8,40886.51043,40151.64718,40519.0788
14.9,36506.59376,36339.03407,36422.81392
15,31759.21217,32153.28531,31956.24874
15.1,26919.48597,27829.3601,27374.42303
15.2,22256.57553,23599.5327,22928.05412
15.3,18017.75473,19680.16986,18848.96229
15.4,14414.88309,16260.49607,15337.68958
15.5,11613.89484,13493.7754,12553.83512
15.6,9727.660292,11491.12355,10609.39192
15.7,8812.325815,10317.97511,9565.150461
15.8,8867.020745,9993.08166,9430.051202
15.9,9836.645021,10489.81201,10163.22852
16,11617.32603,11739.46515,11678.39559
16.1,14064.05565,13636.28271,13850.16918
16.2,16999.98318,16043.84972,16521.91645
16.3,20226.83723,18802.58775,19514.71249
16.4,23535.9685,21738.06081,22637.01466
16.5,26719.53533,24669.82149,25694.67841
16.6,29581.38604,27420.5177,28500.95187
16.7,31947.2211,29824.95659,30886.08884
16.8,33673.64241,31738.78703,32706.21472
16.9,34655.71868,33046.42248,33851.07058
17,34832.72031,33667.79355,34250.25693
17.1,34191.7113,33563.50656,33877.60893
17.2,32768.73819,32738.00173,32753.36996
17.3,30647.4314,31240.36127,30943.89634
17.4,27954.93915,29162.51829,28558.72872
17.5,24855.2453,26634.7596,25745.00245
17.6,21540.07812,23818.59333,22679.33573
17.7,18217.78552,20897.25209,19557.5188
17.8,15100.72236,18064.30743,16582.51489
17.9,12391.84981,15511.06077,13951.45529
18,10271.36827,13413.53028,11842.44928
18.1,8884.278387,11919.95193,10402.11516
18.2,8329.774763,11139.74203,9734.758395
18.3,8653.315872,11134.81888,9894.067376
18.4,9842.078603,11914.05015,10878.06437
18.5,11824.30127,13431.38745,12627.84436
18.6,14472.7566,15587.98352,15030.37006
18.7,17612.29443,18238.28113,17925.28778
18.8,21031.07597,21199.74224,21115.40911
18.9,24494.81471,24265.57881,24380.19676
19,27763.0704,27219.58119,27491.3258
19.1,30606.43804,29851.94148,30229.18976
19.2,32823.35481,31974.85743,32399.10612
19.3,34255.22886,33436.68997,33845.95941
19.4,34798.68058,34133.53774,34466.10916
19.5,34413.87784,34017.28011,34215.57897
19.6,33128.22679,33099.41089,33113.81884
19.7,31035.03136,31450.31683,31242.6741
19.8,28287.12625,29194.01997,28740.57311
19.9,25085.89105,26498.77012,25792.33059
20,21666.43057,23564.21116,22615.32087
20.1,18280.02706,20606.12471,19443.07588
20.2,15175.20569,17839.9519,16507.5788
20.3,12578.88322,15464.39246,14021.63784
20.4,10679.07931,13646.37183,12162.72557
20.5,9610.558649,12508.55252,11059.55558
20.6,9444.546902,12120.35637,10782.45164
20.7,10183.34374,12493.17659,11338.26016
20.8,11760.26727,13580.11914,12670.19321
20.9,14044.93864,15280.24894,14662.59379
21,16853.48852,17446.95915,17150.22384
21.1,19962.87455,19899.76026,19931.31741
21.2,23128.17257,22438.52504,22783.34881
21.3,26101.47159,24859.04676,25480.25917
21.4,28650.88194,26968.68302,27809.78248
21.5,30578.16644,28600.87206,29589.51925
21.6,31733.62504,29627.41808,30680.52156
21.7,32027.09344,29967.63706,30997.36525
21.8,31434.23487,29593.71562,30513.97524
21.9,29997.68518,28531.9423,29264.81374
22,27823.02256,26859.79564,27341.4091
22.1,25069.94058,24699.19278,24884.56668
22.2,21939.37496,22206.48986,22072.93241
22.3,18657.63953,19560.06048,19108.85
22.4,15458.8446,16946.44455,16202.64457
22.5,12566.98299,14546.14603,13556.56451
22.6,10179.07119,12520.16012,11349.61566
22.7,8450.625701,10998.23123,9724.428467
22.8,7484.550093,10069.69053,8777.120311
22.9,7324.224221,9777.5094,8550.86681
23,7951.247884,10115.95107,9033.599479
23.1,9287.924816,11031.92592,10159.92537
23.2,11204.20834,12429.87828,11817.04331
23.3,13528.49541,14179.77398,13854.1347
23.4,16061.37589,16127.53639,16094.45614
23.5,18591.23887,18107.10995,18349.17441
23.6,20910.52082,19953.22474,20431.87278
23.7,22831.3579,21513.89965,22172.62877
23.8,24199.47581,22661.75638,23430.61609
23.9,24905.30743,23303.31824,24104.31284
24,24891.55637,23385.62755,24138.59196
24.1,24156.70539,22899.72188,23528.21364
24.2,22754.28026,21880.74638,22317.51332
24.3,20787.99725,20404.73045,20596.36385
24.4,18403.22479,18582.30333,18492.76406
24.5,15775.4534,16549.84803,16162.65072
24.6,13096.67622,14458.77968,13777.72795
24.7,10560.7206,12463.77025,11512.24543
24.8,8348.632301,10710.81614,9529.724222
24.9,6615.193215,9326.053995,7970.623605
25,5477.556485,8406.171032,6941.863758
25.1,5006.815459,8011.134968,6508.975214
25.2,5223.099645,8159.79203,6691.445837
25.3,6094.527137,8828.663754,7461.595446
25.4,7540.058399,9954.02922,8747.04381
25.5,9436.010721,11437.12758,10436.56915
25.6,11625.72631,13152.07503,12388.90067
25.7,13931.65837,14955.87908,14443.76872
25.8,16168.96469,16699.76801,16434.36635
25.9,18159.58951,18240.94744,18200.26848
26,19745.7795,19453.85882,19599.81916
26.1,20802.02136,20240.04949,20521.03542
26.2,21244.50432,20535.86951,20890.18692
26.3,21037.39301,20317.37927,20677.38614
26.4,20195.43165,19602.07108,19898.75136
26.5,18782.67422,18447.26163,18614.96792
26.6,16907.42567,16945.27911,16926.35239
26.7,14713.76701,15215.82878,14964.79789
26.8,12370.29999,13396.15157,12883.22578
26.9,10056.96481,11629.77365,10843.36923
27,7950.940518,10054.76375,9002.852136
27.1,6212.718363,8792.460338,7502.589351
27.2,4973.436868,7937.596088,6455.516478
27.3,4324.480827,7550.636203,5937.558515
27.4,4310.18099,7652.966476,5981.573733
27.5,4924.217022,8225.332621,6574.774822
27.6,6110.040836,9209.662313,7659.851574
27.7,7765.321708,10514.11855,9139.72013
27.8,9750.093259,12020.96115,10885.5272
27.9,11897.98094,13596.55542,12747.26818
28,14029.63184,15102.68428,14566.15806
28.1,15967.27843,16408.20791,16187.74317
28.2,17549.26091,17400.08379,17474.67235
28.3,18643.32051,17992.81332,18318.06691
28.4,19157.56067,18135.51422,18646.53744
28.5,19048.15042,17816.02036,18432.08539
28.6,18323.10155,17061.66515,17692.38335
28.7,17041.76828,15936.68925,16489.22876
28.8,15310.0702,14536.50343,14923.28682
28.9,13271.79711,12979.30844,13125.55278
29,11096.68797,11395.80089,11246.24443
29.1,8966.256431,9917.858682,9442.057557
29.2,7058.537976,8667.18616,7862.862068
29.3,5533.039025,7744.900405,6638.969715
29.4,4517.166238,7222.955929,5870.061084
29.5,4095.302572,7138.142594,5616.722583
29.6,4301.483176,7489.165151,5895.324163
29.7,5116.325807,8237.042426,6676.684116
29.8,6468.511469,9308.773511,7888.64249
29.9,8240.721764,10603.9332,9422.327484
30,10279.55355,12003.60426,11141.57891
30.1,12408.58255,13380.85243,12894.71749
30.2,14443.46688,14611.81911,14527.64299
30.3,16207.7945,15586.45765,15897.12608
30.4,17548.30315,16217.97613,16883.13964
30.5,18348.14544,16450.16898,17399.15721
30.6,18537.03294,16262.01103,17399.52199
30.7,18097.35863,15669.13252,16883.24557
30.8,17065.74422,14722.07129,15893.90776
30.9,15529.85818,13501.48332,14515.67075
31,13620.76592,12110.75975,12865.76284
31.1,11501.46977,10666.72401,11084.09689
31.2,9352.636463,9289.246968,9320.941716
31.3,7356.763615,8090.706433,7723.735024
31.4,5682.180346,7166.223241,6424.201793
31.5,4468.297551,6585.528869,5526.91321
31.6,3813.416765,6387.167082,5100.291923
31.7,3766.182787,6575.518355,5170.850571
31.8,4321.442994,7120.880463,5721.161729
31.9,5420.884306,7962.564697,6691.724502
32,6958.392064,9014.699338,7986.545701
32.1,8789.651937,10174.19418,9481.923061
32.2,10745.13477,11330.13303,11037.6339
32.3,12645.2996,12373.74135,12509.52048
32.4,14316.65003,13208.03427,13762.34215
32.5,15607.20165,13756.28793,14681.74479
32.6,16399.97184,13968.59206,15184.28195
32.7,16623.28165,13825.92111,15224.60138
32.8,16256.9488,13341.38986,14799.16933
32.9,15333.82288,12558.61532,13946.2191
33,13936.53658,11547.36694,12741.95176
33.1,12189.78006,10396.92867,11293.35437
33.2,10248.81162,9207.796711,9728.304164
33.3,8285.2576,8082.479396,8183.868498
33.4,6471.498842,7116.237619,6793.868231
33.5,4965.06577,6388.599693,5676.832732
33.6,3894.459758,5956.405299,4925.432528
33.7,3347.683874,5848.986486,4598.33518
33.8,3364.514885,6065.893901,4715.204393
33.9,3933.203277,6577.341914,5255.272596
34,4991.881059,7327.298698,6159.589879
34.1,6434.525713,8238.909162,7336.717438
34.2,8120.912603,9221.731265,8671.321934
34.3,9889.625637,10180.1083,10034.86697
34.4,11572.92022,11021.90483,11297.41253
34.5,13012.06868,11666.81015,12339.43942
34.6,14071.78101,12053.46185,13062.62143
34.7,14652.38603,12144.75805,13398.57204
34.8,14698.67098,11930.89887,13314.78493
34.9,14204.59047,11429.90948,12817.24998
35,13213.44016,10685.62938,11949.53477
35.1,11813.50985,9763.382722,10788.44629
35.2,10129.64655,8743.753653,9436.7001
35.3,8311.531338,7715.05761,8013.294474
35.4,6519.771603,6765.211444,6642.491524
35.5,4911.103321,5973.751277,5442.427299
35.6,3624.071371,5404.724223,4514.397797
35.7,2766.501638,5101.091148,3933.796393
35.8,2405.903696,5081.131428,3743.517562
35.9,2563.663726,5337.151239,3950.407482
36,3213.530687,5836.582048,4525.056368
36.1,4284.498229,6525.335818,5404.917024
36.2,5667.77778,7333.078122,6500.427951
36.3,7227.182644,8179.908744,7703.545694
36.4,8811.933252,8983.816761,8897.875007
36.5,10270.67834,9668.214289,9969.446315
36.6,11465.42496,10168.85522,10817.14009
36.7,12284.09049,10439.51126,11361.80088
36.8,12650.52946,10455.90094,11553.2152
36.9,12531.13247,10217.53514,11374.33381
37,11937.42161,9747.340336,10842.38097
37.1,10924.44305,9089.127645,10006.78535
37.2,9585.150261,8303.174859,8944.16256
37.3,8041.341324,7460.359186,7750.850255
37.4,6432.0286,6635.406929,6533.717764
37.5,4900.348604,5899.900065,5400.124334
37.6,3580.244437,5315.693038,4447.968738
37.7,2584.161386,4929.345385,3756.753386
37.8,1992.888938,4768.072351,3380.480644
37.9,1848.470449,4837.566728,3343.018589
38,2150.805931,5121.865328,3636.33563
38.1,2858.222232,5585.239927,4221.731079
38.2,3891.911743,6175.903578,5033.907661
38.3,5143.780702,6831.156458,5987.46858
38.4,6486.934723,7483.466262,6985.200492
38.5,7787.791285,8066.898244,7927.344764
38.6,8918.667996,8523.286091,8720.977044
38.7,9769.663739,8807.568496,9288.616117
38.8,10258.72922,8891.803512,9575.266364
38.9,10339.00524,8767.504664,9553.254954
39,10002.77346,8446.106217,9224.439837
39.1,9281.688835,7957.544172,8619.616503
39.2,8243.315808,7347.117319,7795.216564
39.3,6984.336069,6670.952207,6827.644138
39.4,5621.104341,5990.522461,5805.813401
39.5,4278.469569,5366.754946,4822.612258
39.6,3077.93148,4854.285712,3966.108596
39.7,2126.252707,4496.405424,3311.329066
39.8,1505.591135,4321.160029,2913.375582
39.9,1266.062117,4338.955532,2802.508824
40,1421.4014,4541.867752,2981.634576
40.1,1948.100302,4904.69327,3426.396786
40.2,2788.053832,5387.612382,4087.833107
40.3,3854.431366,5940.184519,4897.307943
40.4,5040.179531,6506.27523,5773.227381
40.5,6228.325932,7029.432587,6628.87926
40.6,7303.092358,7458.196815,7380.644587
40.7,8160.761374,7750.842479,7955.801927
40.8,8719.275739,7879.115388,8299.195564
40.9,8925.681517,7830.629691,8378.155604
41,8760.739491,7609.723864,8185.231677
41.1,8240.304598,7236.724241,7738.514419
41.2,7413.382807,6745.716753,7079.54978
41.3,6357.089564,6181.067162,6269.078363
41.4,5169.023825,5593.044102,5381.033963
41.5,3957.809662,5032.977415,4495.393538
41.6,2832.721501,4548.419645,3690.570573
41.7,1893.384572,4178.768705,3036.076638
41.8,1220.522939,3951.756445,2586.139692
41.9,868.6164475,3881.117041,2374.866744
42,861.1366043,3965.630272,2413.383438
42.1,1188.778863,4189.599802,2689.189333
42.2,1810.819669,4524.688713,3167.754191
42.3,2659.428745,4932.907086,3796.167915
42.4,3646.488926,5370.441304,4508.465115
42.5,4672.243441,5791.941578,5232.09251
42.6,5634.925621,6154.849306,5894.887464
42.7,6440.443335,6423.351734,6431.897535
42.8,7011.197056,6571.596556,6791.396806
42.9,7293.204577,6585.87836,6939.541469
43,7260.877187,6465.613833,6863.24551
43.1,6919.024139,6223.042676,6571.033407
43.2,6301.931876,5881.714475,6091.823176
43.3,5469.645401,5473.936321,5471.790861
43.4,4501.844522,5037.451055,4769.647788
43.5,3489.932332,4611.682973,4050.807652
43.6,2528.116151,4233.920796,3381.018474
43.7,1704.347427,3935.80456,2820.075994
43.8,1091.989454,3740.444725,2416.217089
43.9,743.0009042,3660.433059,2201.716982
44,683.2678501,3696.912851,2190.090351
44.1,910.5029075,3839.7703,2375.136604
44.2,1394.87858,4068.899982,2731.889281
44.3,2082.297399,4356.395601,3219.3465
44.4,2899.94955,4669.432431,3784.690991
44.5,3763.593448,4973.547639,4368.570543
44.6,4585.836352,5235.994141,4910.915247
44.7,5284.605216,5428.845039,5356.725127
44.8,5790.989994,5531.557911,5661.273952
44.9,6055.712511,5532.767513,5794.240012
45,6053.615835,5431.155289,5742.385562
45.1,5785.767523,5235.336321,5510.551922
45.2,5279.005226,4962.799796,5120.902511
45.3,4583.001896,4638.028514,4610.515205
45.4,3765.166022,4289.997977,4027.582
45.5,2903.897151,3949.30945,3426.603301
45.6,2080.868932,3645.239456,2863.054194
45.7,1373.097166,3402.988539,2388.042853
45.8,845.561296,3241.385544,2043.47342
45.9,545.0843391,3171.253373,1858.168856
46,496.045558,3194.573726,1845.309642
46.1,698.3155332,3304.508733,2001.412133
46.2,1127.583428,3486.254492,2306.91896
46.3,1738.012763,3718.623482,2728.318122
46.4,2466.937774,3976.186659,3221.562216
46.5,3241.11901,4231.757984,3736.438497
46.6,3983.932586,4458.977938,4221.455262
46.7,4622.785799,4634.750267,4628.768033
46.8,5096.039698,4741.307155,4918.673426
46.9,5358.77701,4767.719599,5063.248305
47,5386.874909,4710.727369,5048.801139
47.1,5179.013901,4574.830627,4876.922264
47.2,4756.459274,4371.656351,4564.057813
47.3,4160.669571,4118.680372,4139.674972
47.4,3448.996163,3837.443721,3643.219942
47.5,2688.918917,3551.445092,3120.182004
47.6,1951.397959,3283.915846,2617.656903
47.7,1303.9982,3055.688464,2179.843332
47.8,804.4550231,2883.35395,1843.904487
47.9,495.2961514,2777.870424,1636.583288
48,400.0223795,2743.737819,1571.880099
48.1,521.1904698,2778.79707,1649.99377
48.2,840.5513038,2874.652054,1857.601679
48.3,1321.194372,3017.654605,2169.424488
48.4,1911.455784,3190.342464,2550.899124
48.5,2550.179947,3373.181568,2961.680758
48.6,3172.800745,3546.44074,3359.620742
48.7,3717.637883,3692.020342,3704.829112
48.8,4131.793974,3795.066763,3963.430368
48.9,4376.087888,3845.230218,4110.659053
49,4428.563907,3837.461342,4133.012625
49.1,4286.263326,3772.288428,4029.275877
49.2,3965.119987,3655.567395,3810.343691
49.3,3498.026473,3497.745764,3497.886118
49.4,2931.294777,3312.725604,3122.01019
49.5,2319.887247,3116.444748,2718.165998
49.6,1721.905976,2925.317616,2323.611796
49.7,1192.891342,2754.685221,1973.788282
49.8,780.4880024,2617.418035,1698.953019
49.9,519.9895475,2522.796357,1521.392952
50,431.1770269,2475.762984,1453.470006
50.1,516.7319228,2476.605305,1496.668614
50.2,762.3449262,2521.082321,1641.713624
50.3,1138.474087,2600.970384,1869.722235
50.4,1603.546183,2704.963577,2154.25488
50.5,2108.258952,2819.833899,2464.046425
50.6,2600.541927,2931.735458,2766.138692
50.7,3030.679096,3027.527187,3029.103141
50.8,3356.091684,3095.990814,3226.041249
50.9,3545.323532,3128.834263,3337.078897
51,3580.859325,3121.393766,3351.126546
51.1,3460.527761,3072.978338,3266.75305
51.2,3197.384979,2986.834805,3092.109892
51.3,2818.123665,2869.747138,2843.935401
51.4,2360.195426,2731.31701,2545.756218
51.5,1867.954604,2583.000454,2225.477529
51.6,1388.219414,2436.995737,1912.607575
51.7,965.6934254,2305.088636,1635.391031
51.8,638.6933685,2197.56231,1418.127839
51.9,435.5888454,2122.270237,1278.929541
52,372.2808254,2083.953277,1228.117051
52.1,450.9374054,2083.857566,1267.397486
52.2,660.078557,2119.681199,1389.879878
52.3,975.9692155,2185.847078,1580.908147
52.4,1365.155102,2274.069789,1819.612445
52.5,1787.869976,2374.158504,2081.01424
52.6,2201.966322,2474.977949,2338.472135
52.7,2566.980316,2565.477001,2566.228658
52.8,2847.939346,2635.69047,2741.814908
52.9,3018.555429,2677.624183,2848.089806
53,3063.516159,2685.945985,2874.731072
53.1,2979.678767,2658.424421,2819.051594
53.2,2776.082703,2596.080771,2686.081737
53.3,2472.810861,2503.046504,2487.928683
53.4,2098.838011,2386.144755,2242.491383
53.5,1689.097035,2254.238684,1971.66786
53.6,1281.06097,2117.40946,1699.235215
53.7,911.1758871,1986.040512,1448.608199
53.8,611.4839362,1869.89142,1240.687678
53.9,406.7478992,1777.244047,1091.995973
54,312.3322665,1714.195385,1013.263826
54.1,333.0172456,1684.157058,1008.587152
54.2,462.8295234,1687.601873,1075.215698
54.3,685.8761411,1722.075083,1203.975612
54.4,978.0748341,1782.464224,1380.269529
54.5,1309.594174,1861.498601,1585.546388
54.6,1647.756833,1950.429733,1799.093283
54.7,1960.124141,2039.829029,1999.976585
54.8,2217.472218,2120.429826,2168.951022
54.9,2396.389055,2183.938449,2290.163752
55,2481.265279,2223.743158,2352.504218
55.1,2465.514096,2235.460273,2350.487185
55.2,2351.93162,2217.272358,2284.601989
55.3,2152.189996,2170.032661,2161.111329
55.4,1885.534999,2097.131153,1991.333076
55.5,1576.829737,2004.138806,1790.484271
55.6,1254.141047,1898.266028,1576.203538
55.7,946.1004334,1787.687056,1366.893745
55.8,679.284703,1680.792993,1180.038848
55.9,475.8523529,1585.441384,1030.646868
56,351.6417751,1508.269279,929.9555272
56.1,314.8899994,1454.129843,884.509921
56.2,365.6706706,1425.700478,895.6855743
56.3,496.0830305,1423.294263,959.6886465
56.4,691.1559312,1444.887736,1068.021833
56.5,930.3683077,1486.358491,1208.363399
56.6,1189.635376,1541.907305,1365.77134
56.7,1443.572311,1604.623375,1524.097843
56.8,1667.827118,1667.139042,1667.48308
56.9,1841.273063,1722.313126,1781.793095
57,1947.868026,1763.880403,1855.874214
57.1,1978.02146,1787.008705,1882.515083
57.2,1929.356182,1788.714387,1859.035285
57.3,1806.807528,1768.100417,1787.453972
57.4,1622.061735,1726.398004,1674.229869
57.5,1392.393525,1666.810797,1529.602161
57.6,1139.01485,1594.178764,1366.596807
57.7,885.0883588,1514.495126,1199.791742
57.8,653.5868161,1434.322843,1043.954829
57.9,465.191433,1360.165881,912.6786571
58,336.4168446,1297.854098,817.1354716
58.1,278.1289975,1251.998799,765.0638981
58.2,294.5863585,1225.568994,760.0776762
58.3,383.0877816,1219.626848,801.3573146
58.4,534.2561471,1233.245743,883.7509449
58.5,732.9301826,1263.617314,998.2737485
58.6,959.5826107,1306.336163,1132.959387
58.7,1192.135648,1355.834465,1273.985057
58.8,1408.009065,1405.924822,1406.966944
58.9,1586.214684,1450.399708,1518.307196
59,1709.306391,1483.630723,1596.468557
59.1,1765.006943,1501.110987,1633.058965
59.2,1747.361279,1499.889419,1623.625349
59.3,1657.308209,1478.855847,1568.082028
59.4,1502.614763,1438.849939,1470.732351
59.5,1297.175472,1382.583524,1339.879498
59.6,1059.737272,1314.383465,1187.060369
59.7,812.1642634,1239.779226,1025.971745
59.8,577.4002523,1164.973996,871.1871244
59.9,377.3166578,1096.249393,736.7830253
60,230.6460098,1039.360203,635.0031063
60.1,151.1954629,998.9768139,575.0861384
60.2,146.5106832,978.2286781,562.3696807
60.3,217.1201027,978.3928235,597.7564631
60.4,356.4363507,998.7578464,677.5970986
60.5,551.3304848,1036.677288,794.0038864
60.6,783.3310828,1087.808342,935.5697123
60.7,1030.340341,1146.514159,1088.42725
60.8,1268.708822,1206.392283,1237.550553
60.9,1475.47442,1260.879504,1368.176962
61,1630.553135,1303.875784,1467.21446
61.1,1718.671484,1330.327788,1524.499636
61.2,1730.852845,1336.715986,1533.784416
61.3,1665.310974,1321.398239,1493.354607
61.4,1527.659579,1284.776214,1406.217896
61.5,1330.412082,1229.267759,1279.83992
61.6,1091.814218,1159.086921,1125.450569
61.7,834.1173024,1079.851734,956.9845183
61.8,581.4554367,998.056598,789.7560173
61.9,357.5299081,920.4592774,638.9945927
62,183.3245975,853.4410127,518.3828051
62.1,75.07491937,802.4010896,438.7380045
62.2,42.6896512,771.244146,406.9668986
62.3,88.78196887,762.0097473,425.3958581
62.4,208.4071647,774.6801602,491.5436624
62.5,389.5355852,807.1850975,598.3603413
62.6,614.2170535,855.6031365,734.910095
62.7,860.32462,914.5404058,887.4325129
62.8,1103.707785,977.6498514,1040.678818
62.9,1320.544209,1038.240651,1179.39243
63,1489.658608,1089.918514,1289.788561
63.1,1594.580191,1127.194584,1360.887388
63.2,1625.135488,1146.003753,1385.56962
63.3,1578.419295,1144.082157,1361.250726
63.4,1459.048222,1121.167539,1290.10788
63.5,1278.672717,1079.003695,1178.838206
63.6,1054.797416,1021.149596,1037.973506
63.7,809.0286306,952.6131284,880.8208795
63.8,564.9248547,879.3466752,722.1357649
63.9,345.6655087,807.6553625,576.6604356
64,171.7707561,743.5772285,457.6739923
64.1,59.09937428,692.2970733,375.6982238
64.2,17.32291368,657.652011,337.4874623
64.3,49.02571056,641.7771774,345.401444
64.4,149.5167164,644.9256169,397.2211667
64.5,307.3670698,665.4785558,486.4228128
64.6,505.6142309,700.1428887,602.8785598
64.7,723.5067675,744.3137494,733.9102584
64.8,938.6102955,792.5634425,865.586869
64.9,1129.060031,839.20548,984.1327555
65,1275.732369,878.8752746,1077.303822
65.1,1364.118056,907.0679088,1135.592982
65.2,1385.711682,920.5784236,1153.145053
65.3,1338.782904,917.8007008,1128.291802
65.4,1228.458709,898.8561176,1063.657413
65.5,1066.116535,865.5411389,965.8288371
65.6,868.1577724,821.1019766,844.6298745
65.7,654.2931465,769.8624065,712.0777765
65.8,445.5193038,716.7458997,581.1326018
65.9,261.9949332,666.7438321,464.3693826
66,121.0321975,624.3865951,372.7093963
66.1,35.40460904,593.2734342,314.3390216
66.2,12.13755001,575.7099398,293.9237449
66.3,51.8962718,572.4900873,312.1931795
66.4,149.0238808,582.8438684,365.9338746
66.5,292.2150895,604.5536223,448.3843559
66.6,465.7472715,634.224068,549.9856697
66.7,651.1351476,667.6747265,659.404937
66.8,829.0347567,700.4106315,764.7226941
66.9,981.2001406,728.1193128,854.6597267
67,1092.294355,747.1398203,919.7170875
67.1,1151.374818,754.8532315,953.1140246
67.2,1152.909383,749.9532035,951.4312933
67.3,1097.229774,732.568669,914.8992214
67.4,990.3877815,704.2272137,847.3074976
67.5,843.4406853,667.6652065,755.5529459
67.6,671.2494484,626.5074484,648.8784484
67.7,490.92063,584.8531507,537.8868904
67.8,320.0560161,546.8149246,433.4354703
67.9,174.9896702,516.062112,345.5258911
68,69.18925877,495.418747,282.3040029
68.1,11.97784033,486.5598674,249.2688539
68.2,7.69638653,489.8385676,248.7674771
68.3,55.38014398,504.2613899,279.8207669
68.4,148.9686463,527.6130561,338.2908512
68.5,278.0152995,556.7149991,417.3651493
68.6,428.8134654,587.7875005,508.3004829
68.7,585.8166729,616.874084,601.3453784
68.8,733.2046716,640.2803671,686.7425194
68.9,856.4367256,654.9785116,755.7076186
69,943.6393798,658.9328005,801.2860902
69.1,986.696822,651.3111719,819.003997
69.2,981.9453262,632.5606668,807.2529965
69.3,930.4153412,604.3401929,767.377767
69.4,837.611071,569.3200169,703.465544
69.5,712.863124,530.8721713,621.8676477
69.6,568.3304369,492.6878463,530.5091416
69.7,417.7593674,458.3655326,438.06245
69.8,275.1277798,431.0163571,353.0720685
69.9,153.3086134,412.9304655,283.1195395
70,62.88068229,405.3408059,234.1107441
70.1,11.19552666,408.3091574,209.752342
70.2,1.780385221,420.7450777,211.2627315
70.3,34.12201982,440.5532581,237.3376389
70.4,103.8379466,464.8903086,284.3641276
70.5,203.2044515,490.4998953,346.8521734
70.6,321.9781582,514.0867609,418.0324595
70.7,448.4228115,532.6864071,490.5546093
70.8,570.4373928,543.9884583,557.2129255
70.9,676.6767159,546.5777721,611.627244
71,757.5611938,540.067445,648.8143194
71.1,806.087445,525.1107738,665.5991094
71.2,818.3738941,503.2934441,660.8336691
71.3,793.9029841,476.9210649,635.4120245
71.4,735.4511958,448.7290452,592.0901205
71.5,648.7268881,421.5503688,535.1386285
71.6,541.7613933,397.9810908,469.871242
71.7,424.1186894,380.0829303,402.1008098
71.8,306.0018511,369.157256,337.5795536
71.9,197.3396109,365.6157254,281.4776682
72,106.9337917,368.9609381,237.9473649
72.1,41.73882701,377.877151,209.807989
72.2,6.329389698,390.4179523,198.373671
72.3,2.593010183,404.2663776,203.4296939
72.4,29.66343702,417.0345952,223.3490161
72.5,84.08931596,426.5659734,255.3276447
72.6,160.2133524,431.2025325,295.7079425
72.7,250.7209715,429.9854297,340.3532006
72.8,347.3056999,422.76463,385.0351649
72.9,441.39171,410.205229,425.7984695
73,524.8523584,393.6906491,459.2715037
73.1,590.6668844,375.1355673,482.9012258
73.2,633.4650746,356.7324471,495.0987609
73.3,649.9207849,340.6636007,495.2921928
73.4,638.9686513,328.8148527,483.891752
73.5,601.8330026,322.5266097,462.1798061
73.6,541.8727543,322.4135102,432.1431323
73.7,464.2598922,328.2754033,396.2676477
73.8,375.521124,339.111193,357.3161585
73.9,282.9816834,353.2344556,318.1080695
74,194.1565772,368.4772119,281.3168946
74.1,116.1374862,382.457325,249.2974056
74.2,55.02295427,392.8770308,223.9499926
74.3,15.43555512,397.816049,206.625802
74.4,0.16270922,395.983085,198.0728971
74.5,9.948223173,386.894279,198.4212511
74.6,43.45007918,370.9557404,207.2029098
74.7,97.36728186,349.4387102,223.402996
74.8,166.7255392,324.348763,245.5371511
74.9,245.2991295,298.2032557,271.7511926
75,326.1354042,273.7424241,299.9389141
75.1,402.1398486,253.6077708,327.8738097
75.2,466.674201,240.025671,353.349936
75.3,514.1183479,234.5339266,374.3261372
75.4,540.3488558,237.784308,389.0665819
75.5,543.0930542,249.4454735,396.2692638
75.6,522.1272224,268.2190553,395.1731389
75.7,479.2999944,291.9685013,385.6342479
75.8,418.3766422,317.9470164,368.1618293
75.9,344.7152616,343.0992217,343.9072417
76,264.8007492,364.4023307,314.6015399
76.1,185.6754984,379.2077772,282.4416378
76.2,114.3157126,385.5439135,249.9298131
76.3,57.00810986,382.3446695,219.6763897
76.4,18.78289782,369.5774525,194.1801752
76.5,2.954941105,348.2550876,175.6050144
76.6,10.81622414,320.3299167,165.5730704
76.7,41.50968899,288.4817352,164.9957121
76.8,92.09838587,255.8234703,173.9609281
76.9,157.826046,225.557962,191.692004
77,232.5473141,200.6248047,216.5860594
77.1,309.2896683,183.3772945,246.3334814
77.2,380.8961016,175.3259824,278.111042
77.3,440.689275,176.977591,308.833433
77.4,483.0949893,187.7870111,335.4410002
77.5,504.1658562,206.2270707,355.1964634
77.6,501.9548197,229.967264,365.9610418
77.7,476.7019238,256.1402367,366.4210802
77.8,430.8152054,281.6649605,356.240083
77.9,368.6461518,303.5893455,336.1177486
78,296.0799199,319.4132047,307.7465623
78.1,219.9785251,327.3552027,273.6668639
78.2,147.5296762,326.5343091,237.0319926
78.3,85.56339704,317.0465165,201.3049568
78.4,39.90203692,299.9299215,169.9159792
78.5,14.80634086,277.0242568,145.9152988
78.6,12.57116363,250.7430589,131.6571112
78.7,33.31001929,223.7864612,128.5482403
78.8,74.94936295,198.8289847,136.8891738
78.9,133.4330949,178.2189521,155.8260235
79,203.1172793,163.724071,183.4206752
79.1,277.3165166,156.3516122,216.8340644
79.2,348.9486455,156.2622438,252.6054447
79.3,411.214953,162.7851267,287.0000398
79.4,458.2497737,174.5297222,316.3897479
79.5,485.6765931,189.5783837,337.6274884
79.6,491.0171883,205.7345333,348.3758608
79.7,473.9149895,220.7951626,347.355076
79.8,436.152251,232.8142048,334.4832279
79.9,381.4609213,240.3252269,310.8930741
80,315.1472774,242.4975735,278.8224254
80.1,243.5684243,239.2088258,241.3886251
80.2,173.5128886,231.0270999,202.2699942
80.3,111.5463729,219.1079666,165.3271697
80.4,63.38648161,205.0212454,134.2038635
80.5,33.36664298,190.5313233,111.9489831
80.6,24.03999642,177.3599702,100.6999833
80.7,35.9596806,166.9622469,101.4609638
80.8,67.65424523,160.3438693,113.9990573
80.9,115.7976205,157.9426268,136.8701236
81,175.5541477,159.5879172,167.5710325
81.1,241.0624732,164.5422389,202.802356
81.2,306.009245,171.6178873,238.8135661
81.3,364.2357365,179.3524624,271.7940995
81.4,410.3184179,186.2193246,298.2688713
81.5,440.0682081,190.8447673,315.4564877
81.6,450.9021682,192.2029502,321.5525592
81.7,442.0547405,189.7626357,315.9086881
81.8,414.6118816,183.5661067,299.0889942
81.9,371.3689102,174.2295094,272.7992098
82,316.5298542,162.8641338,239.696994
82.1,255.2808743,150.9285112,203.1046928
82.2,193.2815794,140.0303505,166.6559649
82.3,136.1247316,131.7040884,133.91441
82.4,88.81644053,127.1933084,108.0048744
82.5,55.32547205,127.2670334,91.2962527
82.6,38.24223985,132.0949111,85.16857549
82.7,38.57634113,141.1990644,89.88770278
82.8,55.70740566,153.4907547,104.5990802
82.9,87.48899684,167.3892005,127.4390987
83,130.490827,181.0092557,155.7500414
83.1,180.3520066,192.3955257,186.3737661
83.2,232.2085738,199.7740669,215.9913203
83.3,281.1529441,201.7899061,241.4714251
83.4,322.6815513,197.6996694,260.1906103
83.5,353.0897847,187.4935373,270.291661
83.6,369.7799023,171.9290099,270.8544561
83.7,371.4571172,152.4695803,261.9633488
83.8,358.2004786,131.1331126,244.6667956
83.9,331.4073136,110.2660642,220.8366889
84,293.6216764,92.2692763,192.9454764
84.1,248.2673873,79.30766518,163.7875262
84.2,199.3139566,73.0389247,136.1764407
84.3,150.9083884,74.39487998,112.6516342
84.4,107.0072659,83.44352552,95.22539569
84.5,71.04170552,99.35064608,85.1961758
84.6,45.64307915,120.448307,83.04569308
84.7,32.45046047,144.4047766,88.42761852
84.8,32.01234151,168.4781276,100.2452345
84.9,43.78614777,189.8253514,116.8057496
85,66.23033098,205.8315879,136.0309595
85.1,96.97610878,214.4209501,155.6985294
85.2,133.0598741,214.3118396,173.6858568
85.3,171.1933311,205.1855081,188.1894196
85.4,208.0467235,187.7462848,197.8965042
85.5,240.5210637,163.6642726,202.0926682
85.6,265.9878277,135.4049712,200.6963995
85.7,282.4787342,105.9636229,194.2211785
85.8,288.813495,78.53350857,183.6735018
85.9,284.6592445,56.14557462,170.4024096
86,270.5211864,41.32064923,155.9209178
86.1,247.6693609,35.77460171,141.7219813
86.2,218.0109388,40.21116812,129.1110535
86.3,183.9208245,54.22742347,119.074124
86.4,148.0454688,76.34412748,112.1947981
86.5,113.095624,104.1588718,108.6272479
86.6,81.64342266,134.6057701,108.1245964
86.7,55.93778352,164.2930122,110.1153979
86.8,37.74997743,189.8804134,113.8151954
86.9,28.25844992,208.4542131,118.3563315
87,27.97894275,217.8564131,122.9176779
87.1,36.74279282,216.9309067,126.8368497
87.2,53.72319366,205.6579938,129.6905937
87.3,77.50632315,185.1615227,131.3339229
87.4,106.2016754,157.5874053,131.8945403
87.5,137.5837621,125.8669399,131.725351
87.6,169.2556272,93.39154218,131.3235847
87.7,198.8233955,63.63561579,131.2295057
87.8,224.0703946,39.77020962,131.9203021
87.9,243.119298,24.31113068,133.7152144
88,254.5712618,18.841197,136.7062294
88.1,257.6122014,23.83778811,140.7249948
88.2,252.0781773,38.62477721,145.3514773
88.3,238.4742823,61.45371085,149.9639966
88.4,217.9443797,89.70438471,153.8243822
88.5,192.1923778,120.1814472,156.1869125
88.6,163.3592588,149.4728973,156.416078
88.7,133.8635594,174.3295546,154.096557
88.8,106.2161597,192.0225281,149.1193439
88.9,82.82277971,200.6385937,141.7306867
89,65.78925022,199.2808442,132.5350472
89.1,56.74518421,188.1531011,122.4491427
89.2,56.70098697,168.5200526,112.6105198
89.3,65.9511558,142.5493342,104.250245
89.4,84.03360792,113.0551432,98.54437554
89.5,109.7505278,83.17392807,96.46222796
89.6,141.2512517,56.01000086,98.63062627
89.7,176.1724065,34.2917559,105.2320812
89.8,211.8253602,20.07729878,115.9513295
89.9,245.4164954,14.54195387,129.9792246
90,274.282351,17.87014065,146.0762458
90.1,296.1196646,29.26169515,162.6906799
90.2,309.1900531,47.04934879,178.119701
90.3,312.4806049,68.9113358,190.6959704
90.4,305.8049625,92.15245996,198.9787112
90.5,289.8343212,114.0196216,201.9269714
90.6,266.0537603,132.0145881,199.0341742
90.7,236.645939,144.1679871,190.4069631
90.8,204.3108395,149.243898,176.7773688
90.9,172.0362746,146.853282,159.4447783
91,142.8387363,137.4657345,140.1522354
91.1,119.4973226,122.3212629,120.9092928
91.2,104.30461,103.2555362,103.7800731
91.3,98.85727814,82.46192345,90.65960079
91.4,103.9060765,62.22050061,83.06328857
91.5,119.2796213,44.62729508,81.95345819
91.6,143.8899555,31.35606985,87.62301266
91.7,175.8204012,23.48011667,99.65025895
91.8,212.4886602,21.37349918,116.9310797
91.9,250.8710977,24.70099792,137.7860478
92,287.768352,32.49494176,160.1316469
92.1,320.0884076,43.30653023,181.6974689
92.2,345.1214639,55.41044173,200.2659528
92.3,360.7815101,67.03552774,213.9085189
92.4,365.792449,76.59189603,221.1921725
92.5,359.8016392,82.86592766,221.3337834
92.6,343.4103751,85.15953147,214.2849533
92.7,318.1184807,83.35756175,200.7380212
92.8,286.1881228,77.91681319,182.052468
92.9,250.4394124,69.78014515,160.1097788
93,213.9966358,60.22879661,137.1127162
93.1,180.0084592,50.69364675,115.351053
93.2,151.3677491,42.55111105,96.95943006
93.3,130.4565409,36.930948,83.69374445
93.4,118.9391902,34.56132494,76.75025758
93.5,117.6221054,35.67133105,76.64671823
93.6,126.3921478,39.96341408,83.17778097
93.7,144.2384023,46.65895485,95.44867858
93.8,169.3542827,54.61056761,111.9824251
93.9,199.3095799,62.46595404,130.887767
94,231.2757736,68.86135842,150.068566
94.1,262.2832949,72.61873185,167.4510134
94.2,289.4868596,72.92011683,181.2034882
94.3,310.4146922,69.43558723,189.9251397
94.4,323.1794254,62.3869713,192.7831984
94.5,326.6324448,52.53780551,189.5851252
94.6,320.4490468,41.10948047,180.7792637
94.7,305.1384135,29.63314487,167.3857792
94.8,281.9794336,19.75541239,150.867423
94.9,252.8901412,13.02218791,132.9561646
95,220.2443689,10.66818185,115.4562754
95.1,186.6536079,13.43947686,100.0465424
95.2,154.73465,21.47284021,88.10374509
95.3,126.8841855,34.24876099,80.56647325
95.4,105.0801468,50.62623806,77.85319245
95.5,90.72643291,68.957243,79.84183796
95.6,84.55308353,87.26877271,85.91092812
95.7,86.57848338,103.4917313,95.03510732
95.8,96.13432157,115.7096276,105.9219746
95.9,111.948378,122.3970461,117.172712
96,132.2752768,122.6184548,127.4468658
96.1,155.0615656,116.1621339,135.6118498
96.2,178.1291473,103.5913624,140.8602548
96.3,199.3603392,86.20464976,142.7824945
96.4,216.8686548,65.90758516,141.38812
96.5,229.1416101,45.00952521,137.0755677
96.6,235.1451664,25.96755743,130.5563619
96.7,234.3834381,11.10684212,122.7451401
96.8,226.9116022,2.349722287,114.6306623
96.9,213.3041059,0.985472197,107.1447891
97,194.5839163,7.508253822,101.0460851
97.1,172.1213781,21.54324275,96.83231045
97.2,147.5130591,41.8708434,94.69195127
97.3,122.4516878,66.54760553,94.49964668
97.4,98.59796754,93.1112035,95.85458552
97.5,77.46382372,118.8469723,98.15539799
97.6,60.31472967,141.0861755,100.7004526
97.7,48.09642225,157.5022841,102.7993532
97.8,41.38884125,166.3715371,103.8801892
97.9,40.38776125,166.7679613,103.5778613
98,44.91254244,158.67039,101.7914662
98.1,54.43685006,142.9690044,98.70292723
98.2,68.13814956,121.3703565,94.75425304
98.3,84.9612694,96.21140482,90.58633711
98.4,103.6912653,70.20344892,86.94735713
98.5,123.0311044,46.13480083,84.58295263
98.6,141.6801747,26.56565631,84.1229155
98.7,158.4101811,13.54940748,85.97979428
98.8,172.1354972,8.411492703,90.27349496
98.9,181.9754308,11.61019229,96.79281153
99,187.3061064,22.69434102,105.0002237
99.1,187.7998003,40.361846,114.0808231
99.2,183.4496445,62.61146168,123.0305531
99.3,174.5777566,86.96980367,130.7737801
99.4,161.8251463,110.7672777,136.296212
99.5,146.1223014,131.431395,138.7768482
99.6,128.640215,146.7644084,137.7023117
99.7,110.7227964,155.1744671,132.9486317
99.8,93.80305618,155.8352442,124.8191502
99.9,79.30705713,148.7575307,114.0322939
100,68.55121174,134.7665794,101.6588956
100.1,62.63988999,115.3898152,89.01485261
100.2,62.37126018,92.66963097,77.52044557
100.3,68.1596359,68.9242121,68.541924
100.4,79.98219689,46.48474586,63.23347137
100.5,97.35671624,27.43940268,62.39805946
100.6,119.3548806,13.4129496,66.38391511
100.7,144.6530456,5.406018027,75.02953183
100.8,171.6190363,3.710532609,87.66478444
100.9,198.4301693,7.908549485,103.1693594
101,223.2143808,16.95187507,120.0831279
101.1,244.2035448,29.31051581,136.7570303
101.2,259.8861087,43.17033195,151.5282203
101.3,269.1453085,56.65510506,162.9002068
101.4,271.3696597,68.04613327,169.7078965
101.5,266.5241745,75.97361821,171.2488963
101.6,255.1737653,79.55828897,167.3660272
101.7,238.4543283,78.48834901,158.4713386
101.8,217.9917028,73.02507633,145.5083896
101.9,195.7736537,63.93922363,129.8564387
102,173.9847146,52.38867626,113.1866954
102.1,154.8176924,39.75463501,97.28616371
102.2,140.2784219,27.4581064,83.86826416
102.3,132.0016404,16.78020659,74.3909235
102.4,131.0954417,8.708569976,69.90200583
102.5,138.0296309,3.828213814,70.92892237
102.6,152.5795943,2.269092067,77.42434318
102.7,173.8323355,3.715076432,88.77370594
102.8,200.2555713,7.47118944,103.8633804
102.9,229.8247759,12.5785756,121.2016758
103,260.1974076,17.96083789,139.0791227
103.1,288.9188214,22.5816957,155.7502586
103.2,313.6410589,25.59286137,169.6169601
103.3,332.3341675,26.45267953,179.3934235
103.4,343.4701357,25.00018129,184.2351585
103.5,346.1619096,21.47522363,183.8185666
103.6,340.2440938,16.48253158,178.3633127
103.7,326.2874209,10.90482066,168.5961208
103.8,305.5453889,5.776815307,155.6611021
103.9,279.8379769,2.137060871,140.9875189
104,251.3834133,0.877316506,126.1303649
104.1,222.593976,2.609658857,112.6018174
104.2,195.8552524,7.569186659,101.7122196
104.3,173.3098187,15.5656835,94.43775109
104.4,156.6657725,25.9913448,91.32855863
104.5,147.048015,37.88449408,92.46625456
104.6,144.9058944,50.0420063,97.47395033
104.7,149.9852283,61.16682729,105.5760278
104.8,161.3663953,70.03232544,115.6993604
104.9,177.5637518,75.64282127,126.6032866
105,196.6757622,77.36982112,137.0227916
105.1,216.5704895,75.04622258,145.808356
105.2,235.0879614,69.00573458,152.046848
105.3,250.2396842,60.06136181,155.150523
105.4,260.3863239,49.42423713,154.9052805
105.5,264.3771973,38.57143766,151.4743175
105.6,261.6394042,29.07779,145.3585971
105.7,252.2097335,22.43127487,137.3205042
105.8,236.708313,19.85390901,128.281111
105.9,216.2587392,22.14962619,119.2041827
106,192.3645279,29.5977265,110.9811272
106.1,166.7556598,41.90525789,104.3304589
106.2,141.2213887,58.22484934,99.72311904
106.3,117.4461414,77.23684557,97.34149347
106.4,96.86424777,97.28701055,97.07562916
106.5,80.54658976,116.5644748,98.55553227
106.6,69.12837419,133.2997858,101.21408
106.7,62.78259011,145.9604547,104.3715224
106.8,61.23882078,153.4215697,107.3301952
106.9,63.84248407,155.0918478,109.4671659
107,69.64575057,150.9805915,110.313171
107.1,77.51871278,141.6978019,109.6082573
107.2,86.26808544,128.3873787,107.3277321
107.3,94.7508769,112.6010077,103.6759423
107.4,101.9719876,96.12710388,99.04954572
107.5,107.1573187,80.79425292,93.97578581
107.6,109.7973523,68.27140285,89.03437759
107.7,109.6598593,59.8872798,84.77356957
107.8,106.7739605,56.48913801,81.63154925
107.9,101.3907928,58.35629731,79.87354505
108,93.92819305,65.1775351,79.55286408
108.1,84.90789593,76.0940421,80.50096902
108.2,74.89368599,89.80218764,82.34793681
108.3,64.43782256,104.7036355,84.57072904
108.4,54.04107853,119.0851747,86.5631266
108.5,44.12920644,131.3075565,87.71838149
108.6,35.04593486,139.9819893,87.51396206
108.7,27.06007839,144.1147611,85.58741976
108.8,20.38235614,143.2045006,81.79342835
108.9,15.18631163,137.2823171,76.23431436
109,11.62745708,126.8918103,69.25963367
109.1,9.855441291,113.0128747,61.43415802
109.2,10.01554725,96.93955906,53.47755316
109.3,12.23793288,80.12722535,46.18257911
109.4,16.61542411,64.02735549,40.3213898
109.5,23.17299869,49.92923526,36.55111697
109.6,31.83401328,38.82637016,35.33019172
109.7,42.3894305,31.32206206,36.85574628
109.8,54.47659175,27.58355739,41.03007457
109.9,67.57337501,27.34819944,47.46078723
110,81.01192661,29.97881076,55.49536869
110.1,94.01374566,34.5598394,64.28679253
110.2,105.7450237,40.02128843,72.88315605
110.3,115.3881678,45.27461848,80.33139315
110.4,122.2227624,49.34395996,85.78336118
110.5,125.7072246,51.47714412,88.59218435
110.6,125.5513939,51.22406208,88.38772797
110.7,121.7704517,48.47427528,85.12236347
110.8,114.7119504,43.45105645,79.08150342
110.9,105.0502405,36.66447302,70.85735674
111,93.74597182,28.83106881,61.28852032
111.1,81.97224557,20.77156225,51.37190391
111.2,71.01295771,13.30031384,42.15663578
111.3,62.14243074,7.120876638,34.63165369
111.4,56.49812946,2.740704124,29.61941679
111.5,54.95973831,0.415252,27.68749515
111.6,58.04791048,0.127662666,29.08778657
111.7,65.85451405,1.605498904,33.73000648
111.8,78.01330571,4.371200817,41.19225326
111.9,93.71593643,7.818680258,50.76730834
112,111.7734539,11.30526386,61.53935888
112.1,130.7185317,14.24643207,72.4824819
112.2,148.9390794,16.20067328,82.56987632
112.3,164.8302012,16.9332679,90.88173456
112.4,176.9491226,16.45072153,96.69992206
112.5,184.1569845,15.00149195,99.57923823
112.6,185.7324539,13.0430908,99.38777237
112.7,181.4448231,11.1800196,96.31242134
112.8,171.5784128,10.0807687,90.82959074
112.9,156.9052121,10.38479642,83.64500424
113,138.6082236,12.61168359,75.6099536
113.1,118.163327,17.084378,67.62385252
113.2,97.1920143,23.87664857,60.53433144
113.3,77.30057436,32.79179803,55.0461862
113.4,59.92282566,43.37572628,51.64927597
113.5,46.18312687,54.96309677,50.57311182
113.6,36.79416141,66.75117697,51.77266919
113.7,32.0001273,77.89242364,54.94627547
113.8,31.57089779,87.59449574,59.58269677
113.9,34.84702039,95.21539472,65.03120755
114,40.82973936,100.3419698,70.58585457
114.1,48.30521229,102.8420139,75.5736131
114.2,55.98832412,102.8833635,79.43584383
114.3,62.66942335,100.9174073,81.79341533
114.4,67.34716028,97.62871413,82.4879372
114.5,69.33242007,93.85658321,81.59450164
114.6,68.31190713,90.49770011,79.40480362
114.7,64.36483771,88.40134837,76.38309304
114.8,57.93186058,88.26950744,73.10068401
114.9,49.74108028,90.57356614,70.15732321
115,40.70121839,95.49738173,68.09930006
115.1,31.77589238,102.9132663,67.34457936
115.2,23.8552372,112.393575,68.1244061
115.3,17.64135614,123.2563766,70.44886635
115.4,13.562317,134.6397148,74.10101592
115.5,11.72580152,145.5956846,78.66074308
115.6,11.91849078,155.193339,83.55591491
115.7,13.65142476,162.618559,88.13499187
115.8,16.24561807,167.2595405,91.75257928
115.9,18.94687798,168.7684063,93.85764215
116,21.05472826,167.0923838,94.07355601
116.1,22.04811897,162.4716438,92.2598814
116.2,21.6905173,155.40482,88.54766863
116.3,20.09909012,146.5869463,83.34301822
116.4,17.76680415,136.8276379,77.29722102
116.5,15.531933,126.9594241,71.24567853
116.6,14.49601992,117.7470174,66.12151867
116.7,15.89802296,109.8078755,62.85294923
116.8,20.95834846,103.5527768,62.25556265
116.9,30.71100416,99.15251093,64.93175755
117,45.84456826,96.53351466,71.18904146
117.1,66.57270064,95.40178393,80.98724228
117.2,92.55241925,95.29107918,93.92174921
117.3,122.8635313,95.6287179,109.2461246
117.4,156.0559335,95.81041979,125.9331766
117.5,190.2636989,95.27493501,142.769317
117.6,223.3768362,93.56959645,158.4732163
117.7,253.2542706,90.39940839,171.8268395
117.8,277.9558587,85.6545993,181.805229
117.9,295.9678331,79.41441449,187.6911238
118,306.3954814,71.92793442,189.1617079
118.1,309.0992674,63.5754981,186.3373827
118.2,304.7558485,54.8165478,179.7861981
118.3,294.8330358,46.1311302,170.482083
118.4,281.4769028,37.9627405,159.7198217
118.5,267.3189944,30.66965573,148.9943251
118.6,255.2208368,24.49047495,139.8556559
118.7,247.9806329,19.5274801,133.7540565
118.8,248.0322401,15.74894398,131.8905921
118.9,257.1685885,13.00897709,135.0887828
119,276.3202821,11.08125129,143.7007667
119.1,305.415278,9.701252816,157.5582654
119.2,343.3376834,8.610802483,175.974243
119.3,387.993642,7.598536242,197.7960891
119.4,436.4810239,6.530844481,221.5059342
119.5,485.3484142,5.369294828,245.3588545
119.6,530.9189235,4.172586653,267.5457551
119.7,569.6467624,3.083322133,286.3650423
119.8,598.4702001,2.30202085,300.3861105
119.9,615.1240177,2.052562894,308.5882903
120,618.378017,2.544385765,310.4612014
120.1,608.1752437,3.937135897,306.0561898
120.2,585.6536594,6.313044355,295.9833519
120.3,553.04699,9.661125767,281.3540579
120.4,513.4731446,13.87555736,263.674351
120.5,470.6305716,18.76852527,244.6995484
120.6,428.4328971,24.09571613,226.2643066
120.7,390.6190743,29.59077567,210.104925
120.8,360.3792681,35.00371225,197.6914902
120.9,340.0354479,40.13757945,190.0865137
121,330.8102371,44.87792447,187.8440808
121.1,332.7085226,49.2104235,190.959473
121.2,344.5245883,53.22372232,198.8741553
121.3,363.9743582,57.09654855,210.5354534
121.4,387.939112,61.07038698,224.5047495
121.5,412.7952032,65.41110734,239.1031553
121.6,434.7951481,70.36461671,252.5798824
121.7,450.4599632,76.11263535,263.2862993
121.8,456.9414215,82.73491249,269.838167
121.9,452.3161237,90.18355622,271.24984
122,435.7805949,98.2737154,267.0271552
122.1,407.7272559,106.6927915,257.2100237
122.2,369.693917,115.0279346,242.3609258
122.3,324.1930347,122.8091024,223.5010686
122.4,274.4398674,129.5627584,202.0013129
122.5,224.0094792,134.869659,179.4395691
122.6,176.4600784,138.4193563,157.4397173
122.7,134.963635,140.0541539,137.5088945
122.8,101.9837091,139.7963194,120.8900143
122.9,79.03506485,137.8542552,108.44466
123,66.55052363,134.6058595,100.5781916
123.1,63.8686308,130.5601416,97.21438621
123.2,69.34237468,126.3009584,97.82166654
123.3,80.55586938,122.41914,101.4875047
123.4,94.62405562,119.4409602,107.0325079
123.5,108.5413881,117.7616475,113.1515178
123.6,119.5401599,117.5923076,118.5662337
123.7,125.4181464,118.9272423,122.1726943
123.8,124.7987388,121.5363576,123.1675482
123.9,117.2942962,124.9844132,121.1393547
124,103.5542393,128.6756219,116.1149306
124.1,85.19226378,131.918971,108.5556174
124.2,64.60053721,134.0069796,99.3037584
124.3,44.67139321,134.2987893,89.48509123
124.4,28.45745284,132.2977364,80.37759463
124.5,18.80813665,127.7139998,73.26106823
124.6,18.02340832,120.5045248,69.26396656
124.7,27.5639841,110.8850229,69.22450352
124.8,47.85131501,99.3121313,73.58172316
124.9,78.18103543,86.43740246,82.30921895
125,116.7613055,73.03824358,94.89977453
125.1,160.8738785,59.93380704,110.4038428
125.2,207.1422664,47.89578717,127.5190268
125.3,251.8795089,37.56483923,144.7221741
125.4,291.4790611,29.38279206,160.4309266
125.5,322.8071742,23.54901541,173.1780948
125.6,343.5544248,20.00642768,181.7804262
125.7,352.5078355,18.45902422,185.4834298
125.8,349.7129541,18.41890325,184.0659287
125.9,336.5064793,19.27704456,177.891762
126,315.4133871,20.38902126,167.9012042
126.1,289.9166147,21.16479469,155.5407047
126.2,264.120737,21.15103207,142.6358845
126.3,242.3423261,20.09511625,131.2187212
126.4,228.6676468,17.98212989,123.3248884
126.5,226.5221896,15.03936441,120.780777
126.6,238.2958643,11.7069492,125.0014067
126.7,265.0625474,8.57753574,136.8200416
126.8,306.4236032,6.31207069,156.367837
126.9,360.4929054,5.542033988,183.0174697
127,424.0269861,6.770661446,215.3988238
127.1,492.6896282,10.28631097,251.4879696
127.2,561.4269203,16.10013644,288.7635283
127.3,624.9178285,23.91766928,324.4177489
127.4,678.0577825,33.15003419,355.6039083
127.5,716.4293528,42.96577068,379.6975617
127.6,736.7151397,52.37914554,394.5471426
127.7,737.0133684,60.3660311,398.6896998
127.8,717.025863,65.99448842,391.5101757
127.9,678.1001384,68.55464401,373.3273912
128,623.1211383,67.67164956,345.3963939
128.1,556.2623215,63.38663459,309.8244781
128.2,482.6190189,56.19354851,269.4062837
128.3,407.7579905,47.02436487,227.3911777
128.4,337.2248904,37.18081287,187.2028517
128.5,276.0551815,28.21698652,152.136084
128.6,228.3336036,21.78315868,125.0583811
128.7,196.8426535,19.44619139,108.1444225
128.8,182.8321418,22.50546379,102.6688028
128.9,185.9305573,31.82476628,108.8776618
129,204.2057522,47.69988208,125.9528172
129.1,234.3685972,69.77858974,152.0735935
129.2,272.1000193,97.04482665,184.572423
129.3,312.4704479,127.8722422,220.171345
129.4,350.4121888,160.1450162,255.2786025
129.5,381.2004017,191.436416,286.3184089
129.6,400.8976147,219.2289303,310.0632725
129.7,406.7201395,241.1547176,323.9374285
129.8,397.2920443,255.2321377,326.262091
129.9,372.7628516,260.0736989,316.4182752
130,334.7778987,255.0429582,294.9104284
130.1,286.3041802,240.3425972,263.3233887
130.2,231.3282133,217.0226077,224.1754105
130.3,174.4547671,186.9055826,180.6801748
130.4,120.4450166,152.4346811,136.4398489
130.5,73.73889638,116.4579968,95.09844659
130.6,38.0084856,81.96992894,59.98920727
130.7,15.78690893,51.83496363,33.81093628
130.8,8.210594702,28.52147419,18.36603445
130.9,14.90233587,13.87245861,14.38739724
131,34.00932691,8.936589786,21.47295835
131.1,62.39538428,13.87689786,38.13614107
131.2,95.97127041,27.96645694,61.96886368
131.3,130.1328796,49.67144406,89.90216184
131.4,160.2654013,76.8128337,118.5391175
131.5,182.2636566,106.7897675,144.526712
131.6,193.015509,136.8411863,164.9283477
131.7,190.7970683,164.3183433,177.5577058
131.8,175.5353639,186.9397693,181.2375666
131.9,148.9057897,203.0022755,175.9540326
132,114.2469688,211.526434,162.8867014
132.1,76.29340563,212.3221755,144.3077906
132.2,40.74474619,205.9688908,123.3568185
132.3,13.7078547,193.7137819,103.7108183
132.4,1.062472971,177.301147,89.18181
132.5,7.811373535,158.7528139,83.28209374
132.6,37.48043727,140.1252288,88.80283303
132.7,91.63226397,123.2711609,107.4517125
132.8,169.5486427,109.6333138,139.5909783
132.9,268.1229922,100.0933963,184.1081942
133,381.9848735,94.89380703,238.4393403
133.1,503.8565611,93.64071163,298.7486364
133.2,625.1185089,95.38787125,360.2531901
133.3,736.5386447,98.79116349,417.6649041
133.4,829.1020352,102.3153732,465.7087042
133.5,894.8645865,104.4684807,499.6665336
133.6,927.748636,104.035071,515.8918535
133.7,924.2004388,100.2800785,512.2402587
133.8,883.6397793,93.09695179,488.3683655
133.9,808.6495569,83.08021102,445.8648839
134,704.876717,71.51066168,388.1936893
134.1,580.6431892,60.25133891,320.447264
134.2,446.2939241,51.56252449,248.9282243
134.3,313.3358632,47.85376529,180.5948142
134.4,193.4439442,51.39865413,122.4212991
134.5,97.42562976,64.04330743,80.7344686
134.6,34.24214692,86.94136157,60.59175424
134.7,10.18167456,120.3466339,65.26415421
134.8,28.26711986,163.489457,95.87828841
134.9,87.95987545,214.5545798,151.2572276
135,185.1929796,270.7682454,227.9806125
135.1,312.7350945,328.5906645,320.6628795
135.2,460.8538576,383.998803,422.4263303
135.3,618.216815,432.8343925,525.5256037
135.4,772.9435023,471.1844505,622.0639764
135.5,913.7059888,495.7572081,704.7315984
135.6,1030.769201,504.2157094,767.4924552
135.7,1116.867436,495.434604,806.1510198
135.8,1167.829347,469.6525222,818.7409347
135.9,1182.888876,428.5022512,805.6955638
136,1164.651614,374.9127296,769.7821719
136.1,1118.721686,312.8894767,715.8055813
136.2,1053.029711,247.1921616,650.1109366
136.3,976.9339591,182.9383703,579.9361647
136.4,900.1910556,125.1701579,512.6806068
136.5,831.9068339,78.4239007,455.1653673
136.6,779.5804208,46.34385506,412.9621379
136.7,748.3450472,31.37570088,389.860374
136.8,740.4881646,34.56858476,387.5283747
136.9,755.3033663,55.50358794,405.4034771
137,789.2904765,92.35419222,440.8223344
137.1,836.6818191,142.0714688,489.376644
137.2,890.2362574,200.6746779,545.4554676
137.3,942.212118,263.6179634,602.9150407
137.4,985.408989,326.1968638,655.8029264
137.5,1014.159085,383.9551253,699.0571052
137.6,1025.152596,433.0530909,729.1028435
137.7,1017.997991,470.563634,744.2808125
137.8,995.4460299,494.6696638,745.0578468
137.9,963.2423744,504.7477941,733.9950842
138,929.6143754,501.3346924,715.4745339
138.1,904.4384738,485.9846554,695.2115646
138.2,898.1712004,461.0378334,679.6045169
138.3,920.6549575,429.3271139,674.9910357
138.4,979.926387,393.8571156,686.8917513
138.5,1081.158174,357.4904981,719.3243361
138.6,1225.854071,322.6747459,774.2644087
138.7,1411.392715,291.2370104,851.3148627
138.8,1630.980874,264.2661529,947.6235137
138.9,1874.034745,242.090791,1058.062768
139,2126.963164,224.3510578,1175.657111
139.1,2374.283984,210.151179,1292.217581
139.2,2599.968864,198.2710144,1399.119939
139.3,2788.886293,187.4083692,1488.147331
139.4,2928.200634,176.4208477,1552.310741
139.5,3008.587643,164.5365924,1586.562118
139.6,3025.144189,151.5073447,1588.325767
139.7,2977.899916,137.6843967,1557.792156
139.8,2871.878298,124.0073553,1497.942827
139.9,2716.699752,111.9061519,1414.302952
140,2525.765333,103.1272157,1314.446274
140.1,2315.101388,99.50398561,1207.302687
140.2,2101.978808,102.6989315,1102.33887
140.3,1903.441879,113.9481704,1008.695025
140.4,1734.888935,133.8401452,934.3645399
140.5,1608.839509,162.1566116,885.4980601
140.6,1534.001351,197.7976814,865.8995162
140.7,1514.717985,238.8035966,876.7607908
140.8,1550.837076,282.4752505,916.6561632
140.9,1637.996137,325.5843907,981.7902639
141,1768.279777,364.6541743,1066.466976
141.1,1931.166258,396.2824305,1163.724344
141.2,2114.6544,417.4745721,1266.064486
141.3,2306.447494,425.9512042,1366.199349
141.4,2495.070135,420.397363,1457.733749
141.5,2670.806505,400.6258073,1535.716156
141.6,2826.372946,367.635325,1597.004135
141.7,2957.270619,323.5557137,1640.413166
141.8,3061.801855,271.4828021,1666.642328
141.9,3140.772028,215.2183513,1677.99519
142,3196.933277,158.939671,1677.936474
142.1,3234.253227,106.8312267,1670.542227
142.2,3257.108321,62.71458172,1659.911451
142.3,3269.505797,29.7132778,1649.609537
142.4,3274.430575,9.985656132,1642.208116
142.5,3273.394533,4.551556449,1638.973045
142.6,3266.238299,13.22904796,1639.733673
142.7,3251.203181,34.68590566,1642.944543
142.8,3225.256986,66.5986773,1645.927831
142.9,3184.626355,105.901171,1645.263763
143,3125.463356,149.0952156,1637.279286
143.1,3044.558232,192.5905655,1618.574399
143.2,2940.005187,233.0384678,1586.521827
143.3,2811.734127,267.6249122,1539.67952
143.4,2661.837738,294.2947491,1478.066243
143.5,2494.647811,311.8860839,1403.266947
143.6,2316.544615,320.1647074,1318.354661
143.7,2135.514557,319.7596229,1227.63709
143.8,1960.500914,312.0117166,1136.256315
143.9,1800.616494,298.7570487,1049.686771
144,1664.303066,282.0730724,973.1880692
144.1,1558.528569,264.0195445,911.2740569
144.2,1488.108842,246.4056171,867.2572295
144.3,1455.226611,230.6106327,842.9186218
144.4,1459.198495,217.4789679,838.3387316
144.5,1496.513419,207.2997199,851.9065694
144.6,1561.136359,199.8712342,880.5037965
144.7,1645.043111,194.6396893,919.8414002
144.8,1738.927946,190.8914682,964.9097073
144.9,1833.009203,187.9719839,1010.490593
145,1917.849776,185.4998484,1051.674812
145.1,1985.11075,183.5452791,1084.328014
145.2,2028.16665,182.745459,1105.456055
145.3,2042.528565,184.3368365,1113.432701
145.4,2026.044321,190.0942568,1108.069289
145.5,1978.870287,202.1782473,1090.524267
145.6,1903.234171,222.9034216,1063.068796
145.7,1803.029504,254.4514539,1028.740479
145.8,1683.298136,298.5601554,990.9291458
145.9,1549.665358,356.2248444,952.9451015
146,1407.79258,427.4488126,917.6206965
146.1,1262.905249,511.0760565,886.9906526
146.2,1119.440013,604.7318672,862.0859401
146.3,980.8371038,704.886087,842.8615954
146.4,849.4838353,807.0409812,828.2624082
146.5,726.7957007,906.0321173,816.413909
146.6,613.4050797,996.4178809,804.9114803
146.7,509.4160609,1072.922722,791.1693916
146.8,414.6785478,1130.892143,772.7853453
146.9,329.0360826,1166.714641,747.8753617
147,252.5092318,1178.167757,715.3384942
147.1,185.3887196,1164.65187,675.0202949
147.2,128.2279347,1127.285892,627.7569133
147.3,81.74078652,1068.852396,575.2965911
147.4,46.62589749,993.594686,520.1102917
147.5,23.34975696,906.8831597,465.1164583
147.6,11.92818788,814.781576,413.3548819
147.7,11.74641296,723.5540138,367.6502134
147.8,21.45307298,639.1592959,330.3061845
147.9,38.95343648,566.7808214,302.8671289
148,61.51313346,510.4359341,285.9745338
148.1,85.96793096,472.7005695,279.3342502
148.2,109.019484,454.5728532,281.7961686
148.3,127.5837581,455.4848899,291.534324
148.4,139.149741,473.4567202,306.3032306
148.5,142.1024257,505.3720024,323.7372141
148.6,135.9664252,547.342935,341.6546801
148.7,121.5347755,595.1235719,358.3291737
148.8,100.8605355,644.5268631,372.6936993
148.9,77.10510799,691.8018555,384.4534817
149,54.25474405,733.933326,394.094035
149.1,36.73325267,768.8359904,402.7846215
149.2,28.95238919,795.4281778,412.1902835
149.3,34.85000259,813.5840127,424.2170076
149.4,57.4686224,823.9770904,440.7228564
149.5,98.62334763,827.8407717,463.2320597
149.6,158.6980476,826.6792017,492.6886246
149.7,236.5941401,821.9679707,529.2810554
149.8,329.8383391,814.8834736,572.3609063
149.9,434.8369303,806.0955149,620.4662226
150,547.2466496,795.6491252,671.4478874
150.1,662.4182596,782.9499356,722.6840976
150.2,775.8602015,766.8541999,771.3572007
150.3,883.6673436,745.851236,814.7592898
150.4,982.8641959,718.3142731,850.5892345
150.5,1071.622525,682.7868388,877.204682
150.6,1149.328829,638.2669681,893.7978984
150.7,1216.495734,584.451254,900.4734942
150.8,1274.530824,521.9051354,898.2179799
150.9,1325.394244,452.1343313,888.7642878
151,1371.190544,377.5439983,874.3672712
151.1,1413.748752,301.285623,857.5171875
151.2,1454.246588,227.0052916,840.62594
151.3,1492.929709,158.5191719,825.7244402
151.4,1528.965459,99.45133705,814.2083978
151.5,1560.454171,52.8743268,806.6642487
151.6,1584.601482,20.99341462,802.7974483
151.7,1598.034878,4.911312146,801.473095
151.8,1597.229105,4.501450551,800.8652777
151.9,1578.990547,18.40599899,798.698273
152,1540.941923,44.16079014,792.5513567
152.1,1481.946877,78.43494579,780.1909115
152.2,1402.41949,117.3599133,759.8897015
152.3,1304.475896,156.912376,730.6941362
152.4,1191.902669,193.3093084,692.6059886
152.5,1069.937403,223.372051,646.654727
152.6,944.8786408,244.8198797,594.8492603
152.7,823.562289,256.4617193,540.0120041
152.8,712.7577228,258.266478,485.5121004
152.9,618.5468785,251.3065584,434.9267184
153,545.7526238,237.5837842,391.668204
153.1,497.4781674,219.760535,358.6193512
153.2,474.8077141,200.8296794,337.8186967
153.3,476.7013032,183.7636689,330.232486
153.4,500.0957638,171.1850614,335.6404126
153.5,540.201381,165.097557,352.649469
153.6,590.9627581,166.7087209,378.8357395
153.7,645.634881,176.3638653,410.9993732
153.8,697.4135162,193.5964898,445.505003
153.9,740.0541149,217.2859191,478.670017
154,768.4158504,245.8991461,507.1574983
154.1,778.8769187,277.7830558,528.3299872
154.2,769.5825987,311.4665367,540.5245677
154.3,740.5069538,345.9303485,543.2186512
154.4,693.3301492,380.8062664,537.0682078
154.5,631.153706,416.4756009,523.8146534
154.6,558.093251,454.0497064,506.0714787
154.7,478.8005069,495.2300739,487.0152904
154.8,397.9720787,542.061248,470.0166633
154.9,319.9014713,596.6042127,458.252842
155,248.1230107,660.5692531,454.3461319
155.1,185.1830036,734.9541606,460.0685821
155.2,132.5562822,819.7350716,476.1456769
155.3,90.70740675,913.6529005,502.1801536
155.4,59.27757055,1014.12863,536.7031005
155.5,37.36289296,1117.326693,577.3447929
155.6,23.83914989,1218.368871,621.1040104
155.7,17.68331814,1311.68354,664.683429
155.8,18.24410805,1391.458672,704.8513899
155.9,25.42162925,1452.153858,738.7877436
156,39.7294193,1489.018258,764.3738388
156.1,62.22858241,1498.558943,780.3937628
156.2,94.34163392,1478.907978,786.6248057
156.3,137.570565,1430.046451,783.8085078
156.4,193.1574881,1353.858462,773.5079753
156.5,261.7352311,1254.006192,757.8707116
156.6,343.0182471,1135.636552,739.3273993
156.7,435.580763,1004.948362,720.2645623
156.8,536.7595612,868.6643273,702.7119442
156.9,642.7042821,733.4625544,688.0834183
157,748.5803744,605.4266797,677.0035271
157.1,848.9109451,489.5713632,669.2411541
157.2,938.0260511,389.4911338,663.7585924
157.3,1010.573617,307.1663909,658.8700038
157.4,1062.036922,242.9423815,652.4896518
157.5,1089.2007,195.6772813,642.4389905
157.6,1090.511725,163.0364244,626.7740749
157.7,1066.290062,141.8934789,604.0917703
157.8,1018.762673,128.7878797,573.7752764
157.9,951.9102567,120.3824521,536.1463544
158,871.138611,113.8665276,492.5025693
158.1,782.8053793,107.2577757,445.0315775
158.2,693.6492642,99.56950404,396.6093841
158.3,610.1799564,90.82764664,350.5038015
158.4,538.0917296,81.94094968,310.0163396
158.5,481.7613719,74.44660083,278.1039864
158.6,443.8820851,70.16942397,257.0257545
158.7,425.2702123,70.84379942,248.0570059
158.8,424.8628201,77.75227002,251.3075451
158.9,439.9034104,91.43271388,265.6680621
159,466.2927207,111.4972038,288.8949622
159.1,499.063988,136.5912567,317.8276224
159.2,532.9291722,164.5038459,348.716509
159.3,562.8358826,192.4185463,377.6272145
159.4,584.4748417,217.2770064,400.875924
159.5,594.6845576,236.2100032,415.4472804
159.6,591.7126277,246.9807223,419.346675
159.7,575.3102071,248.381045,411.8456261
159.8,546.6556487,240.5251713,393.59041
159.9,508.1228687,224.9955988,366.5592337
160,462.9273714,204.8131614,333.8702664
160.1,414.6960783,184.2236159,299.4598471
160.2,367.0146932,168.3156855,267.6651893
160.3,323.0074726,162.5068308,242.7571517
160.4,284.99893,171.9506811,228.4748056
160.5,254.2958882,200.9317697,227.6138289
160.6,231.1128016,252.3174123,241.7151069
160.7,214.6452795,327.1325286,270.8889041
160.8,203.2784222,424.3112251,313.7948237
160.9,194.9001178,540.6602552,367.7801865
161,187.2767855,671.0461341,429.1614598
161.1,178.4416794,808.7923679,493.6170237
161.2,167.0446226,946.2489305,556.6467765
161.3,152.6170502,1075.475678,614.0463642
161.4,135.7168629,1188.967328,662.3420953
161.5,117.9325405,1280.341711,699.1371259
161.6,101.743433,1344.916106,723.3297694
161.7,90.25103369,1380.108281,735.1796571
161.8,86.8122045,1385.618274,736.2152391
161.9,94.61782551,1363.371592,728.994709
162,116.2676762,1317.231706,716.749691
162.1,153.3936364,1252.516183,702.9549099
162.2,206.3783416,1175.373465,690.8759035
162.3,274.2058008,1092.093345,683.1495729
162.4,354.465419,1008.431772,681.4485953
162.5,443.5131127,929.028622,686.2708674
162.6,536.7748426,856.98573,696.8802863
162.7,629.1610688,793.6530183,711.4070435
162.8,715.5473361,738.6452893,727.0963127
162.9,791.267991,690.0840911,740.6760411
163,852.5679059,645.0314516,748.7996787
163.1,896.9613171,600.0585238,748.5099204
163.2,923.4570068,551.8752186,737.6661127
163.3,932.6239387,497.9388694,715.2814041
163.4,926.4893901,436.9619485,681.7256693
163.5,908.2805545,369.2507353,638.7656449
163.6,882.038348,296.8272864,589.4328172
163.7,852.1466895,223.3137105,537.7302
163.8,822.8301664,153.5874188,488.2087926
163.9,797.6766341,93.24513223,445.4608832
164,779.238486,47.93838233,413.5884342
164.1,768.7574056,22.66093045,395.709168
164.2,766.0433674,21.07663456,393.560001
164.3,769.5211074,44.97365186,407.2473796
164.4,776.4382283,93.91758841,435.1779084
164.5,783.2107237,165.1537087,474.1822162
164.6,785.8660931,253.7791565,519.8226248
164.7,780.5331598,353.1737324,566.8534461
164.8,763.9224565,455.6460038,609.7842302
164.9,733.7421984,553.2242585,643.4832285
165,689.0022902,638.5024707,663.7523805
165.1,630.1716479,705.4425262,667.807087
165.2,559.1708929,750.0367659,654.6038294
165.3,479.201269,770.7493493,624.9753092
165.4,394.4292937,768.6795188,581.5544062
165.5,309.5630544,747.4218017,528.492428
165.6,229.3683203,712.6338279,471.0010741
165.7,158.1793768,671.357539,414.7684579
165.8,99.45992809,631.169902,365.3149151
165.9,55.46352285,599.2610612,327.362292
166,27.03142164,581.548383,304.2899023
166.1,13.54996314,581.9325872,297.7412752
166.2,13.07113451,601.7871299,307.4291322
166.3,22.58130671,639.7457796,331.1635431
166.4,38.38611351,691.818832,365.1024728
166.5,56.56617938,751.8296303,404.1979048
166.6,73.45035965,812.1245615,442.7874606
166.7,86.0512682,864.4761187,475.2636935
166.8,92.41235373,901.0740595,496.7432066
166.9,91.82613037,915.4872742,503.6567023
167,84.89819065,903.4804119,494.1893013
167.1,73.44960425,863.5846724,468.5171383
167.2,60.2691737,797.3498811,428.8095274
167.3,48.74460783,709.2419012,378.9932545
167.4,42.41595843,606.1913586,324.3036585
167.5,44.50399138,496.8415983,270.6727948
167.6,57.46943836,390.5807352,224.0250868
167.7,82.65589797,296.4700733,189.5629856
167.8,120.0598584,222.1955807,171.1277196
167.9,168.2569341,173.168559,170.7127465
168,224.4955639,151.8859176,188.1907408
168.1,284.9501345,157.6311837,221.2906591
168.2,345.1069625,186.5577918,265.8323771
168.3,400.2409178,232.1508988,316.1959083
168.4,445.929505,286.0182736,365.9738893
168.5,478.5462214,338.9202221,408.7332217
168.6,495.676593,381.9179936,438.7972933
168.7,496.4083321,407.503544,451.9559381
168.8,481.4606834,410.5731604,446.0169219
168.9,453.1357557,389.1236424,421.1296991
169,415.0944771,344.5808675,379.8376723
169.1,371.9795589,281.713187,326.846373
169.2,328.9252712,208.1313136,268.5282924
169.3,291.0069424,133.4263845,212.2166634
169.4,262.6904019,68.04271736,165.3665596
169.5,247.3422039,22.01592612,134.679065
169.6,246.8553071,3.726197947,125.2907525
169.7,261.4325642,18.81805005,140.1253071
169.8,289.5532357,69.42121742,179.4872266
169.9,328.1276757,153.7740962,240.950886
170,372.8245525,266.3050073,319.5647799
170.1,418.535786,398.1727145,408.3542503
170.2,459.9289581,538.212413,499.0706856
170.3,492.0270141,674.1833946,583.1052043
170.4,510.7517693,794.1758919,652.4638306
170.5,513.3714688,888.0120996,700.6917842
170.6,498.8030366,948.4731165,723.6380765
170.7,467.7355718,972.2003738,719.9679728
170.8,422.561367,960.1554585,691.3584128
170.9,367.1220378,917.5722964,642.3471671
171,306.2979192,853.3948041,579.8463617
171.1,245.4863823,779.2544902,512.3704362
171.2,190.0272021,708.0988305,449.0630163
171.3,144.639131,652.625725,398.632428
171.4,112.9307013,623.7063955,368.3185484
171.5,97.04007698,628.9850846,363.0125808
171.6,97.4443751,671.8276525,384.6360138
171.7,112.9598504,750.7540613,431.8569558
171.8,140.9327878,859.4356891,500.1842385
171.9,177.5992689,987.2734566,582.4363627
172,218.572596,1120.504293,669.5384447
172.1,259.4022751,1243.719574,751.5609246
172.2,296.139765,1341.627449,818.8836072
172.3,325.8447528,1400.857911,863.3513319
172.4,346.9717258,1411.599287,879.2855062
172.5,359.5895068,1368.869419,864.2294628
172.6,365.4048259,1273.262866,819.333846
172.7,367.5829318,1131.073189,749.3280603
172.8,370.3812995,953.7603496,662.0708245
172.9,378.6341121,756.809459,567.7217856
173,397.1429632,558.0996724,477.6213178
173.1,430.0411091,375.9623727,403.0017409
173.2,480.2032105,227.1484707,353.6758406
173.3,548.7692065,124.9404889,336.8548477
173.4,634.840022,77.63360313,356.2368126
173.5,735.3852949,87.57171484,411.4785049
173.6,845.3810512,150.8637419,498.1223966
173.7,958.1706075,257.828254,607.9994307
173.8,1066.017593,394.12997,730.0737817
173.9,1160.798513,542.4892216,851.6438675
174,1234.766074,684.7749568,959.7705156
174.1,1281.305424,804.2417657,1042.773595
174.2,1295.604544,887.6481103,1091.626327
174.3,1275.167533,926.9998308,1101.083682
174.4,1220.114707,920.7000441,1070.407375
174.5,1133.234813,873.9501925,1003.592503
174.6,1019.779972,798.3305375,909.0552548
174.7,887.0206238,710.5826236,798.8016237
174.8,743.6028864,630.7105204,687.1567034
174.9,598.7717212,579.6010679,589.1863946
175,461.53781,576.4259738,518.9818919
175.1,339.8725548,636.1226768,487.9976158
175.2,240.0133204,767.2517034,503.6325119
175.3,165.9501382,970.4948553,568.2224968
175.4,119.1466632,1237.993867,678.570265
175.5,98.5241098,1553.639762,826.0819359
175.6,100.7096751,1894.318547,997.5141109
175.7,120.5234328,2232.010597,1176.267015
175.8,151.6527212,2536.541355,1344.097038
175.9,187.4432775,2778.701167,1483.072222
176,221.7238798,2933.401882,1577.562881
176.1,249.5773628,2982.523404,1616.050384
176.2,267.9760144,2917.127403,1592.551709
176.3,276.2130141,2738.775869,1507.494441
176.4,276.082345,2459.783362,1367.932854
176.5,271.7853404,2102.344055,1187.064698
176.6,269.570063,1696.596048,983.0830555
176.7,277.137155,1277.802637,777.4698962
176.8,302.8698141,882.9301569,592.8999855
176.9,354.9636831,546.9733536,450.9685183
177,440.5428406,299.4135945,369.9782176
177.1,564.8497284,161.1880866,363.0189075
177.2,730.5896168,142.4998484,436.5447326
177.3,937.4949089,241.7130509,589.6039799
177.4,1182.152838,445.4653448,813.8090916
177.5,1458.114216,729.9999029,1094.057059
177.6,1756.273499,1063.589026,1409.931262
177.7,2065.484422,1409.8026,1737.643511
177.8,2373.353341,1731.281543,2052.317442
177.9,2667.136494,1993.619116,2330.377805
178,2934.659094,2168.938212,2551.798653
178.1,3165.174167,2238.78251,2701.978338
178.2,3350.08722,2196.010785,2773.049003
178.3,3483.488025,2045.489307,2764.488666
178.4,3562.451358,1803.505816,2682.978587
178.5,3587.092106,1495.966154,2541.52913
178.6,3560.384223,1155.566273,2357.975248
178.7,3487.775053,818.2437023,2153.009378
178.8,3376.644278,519.2911983,1947.967738
178.9,3235.668517,289.5526505,1762.610584
179,3074.157359,152.1129864,1613.135173
179.1,2901.424092,119.840599,1510.632345
179.2,2726.245297,194.0483761,1460.146836
179.3,2556.448968,364.4177386,1460.433353
179.4,2398.652862,610.1924416,1504.422652
179.5,2258.155525,902.5103056,1580.332915
179.6,2138.964234,1207.61671,1673.290472
179.7,2043.928897,1490.607256,1767.268076
179.8,1974.940689,1719.289107,1847.114898
179.9,1933.149702,1867.737546,1900.443624
180,1919.157692,1919.157692,1919.157692
